sessionId,model,actionId,s_t_img,s_t1_img,after_yaw,after_pitch,delta_yaw,delta_pitch,init_yaw,init_pitch,t_start_ms,t_end_ms,duration_ms,server_received_ms
RUN-1779244566717,Set_1_orig_matte_0.glb,-1,,,,,,,9.924985039227295,59.62449347470681,,,,1779245981881
RUN-1779244566717,Set_1_orig_matte_0.glb,0,1779246010232-601773_before.png,1779246010232-601773_after.png,8.672583725086724,54.68982166809457,-1.2524013141405703,-4.934671806612187,,,1779246010232,1779246010285,53,1779246010297
RUN-1779244566717,Set_1_orig_matte_0.glb,0,1779246010495-545842_before.png,1779246010495-545842_after.png,7.7507971914905625,49.7408621599327,-0.9217865335961051,-4.948959508161806,,,1779246010495,1779246010551,56,1779246010559
RUN-1779244566717,Set_1_orig_matte_0.glb,0,1779246010800-551098_before.png,1779246010800-551098_after.png,7.053226656798643,44.782384998765,-0.6975705346919767,-4.958477161167707,,,1779246010800,1779246010863,63,1779246010871
RUN-1779244566717,Set_1_orig_matte_0.glb,0,1779246011001-915388_before.png,1779246011001-915388_after.png,6.515425599334208,39.81729712309186,-0.537801057464435,-4.9650878756731345,,,1779246011001,1779246011059,58,1779246011065
RUN-1779244566717,Set_1_orig_matte_0.glb,0,1779246011184-411404_before.png,1779246011184-411404_after.png,6.096304586108658,34.847477302081245,-0.4191210132255492,-4.96981982101056,,,1779246011184,1779246011239,55,1779246011245
RUN-1779244566717,Set_1_orig_matte_0.glb,0,1779246011368-552641_before.png,1779246011368-552641_after.png,5.768632223521024,29.874201258252697,-0.32767236258769117,-4.973276043828491,,,1779246011368,1779246011428,60,1779246011434
RUN-1779244566717,Set_1_orig_matte_0.glb,0,1779246011551-687960_before.png,1779246011551-687960_after.png,5.5138520612034085,24.89837396940311,-0.2547801623176156,-4.975827288849587,,,1779246011551,1779246011608,57,1779246011614
RUN-1779244566717,Set_1_orig_matte_0.glb,0,1779246011780-405411_before.png,1779246011780-405411_after.png,5.319103338346736,19.920664359070827,-0.19474872285672973,-4.97770961033234,,,1779246011780,1779246011832,52,1779246011839
RUN-1779244566717,Set_1_orig_matte_0.glb,0,1779246012073-773716_before.png,1779246012073-773716_after.png,5.175439227169932,14.941587611545799,-0.143664111176804,-4.979076747525028,,,1779246012073,1779246012136,63,1779246012143
RUN-1779244566717,Set_1_orig_matte_0.glb,0,1779246012298-673752_before.png,1779246012298-673752_after.png,5.076733016569733,9.961558098090336,-0.09870621060019857,-4.98002951345552,,,1779246012298,1779246012359,61,1779246012367
RUN-1779244566717,Set_1_orig_matte_0.glb,3,1779246012737-202090_before.png,1779246012737-202090_after.png,10.076733016569733,9.961558098090336,5,0,,,1779246012737,1779246012798,61,1779246012810
RUN-1779244566717,Set_1_orig_matte_0.glb,3,1779246012955-799933_before.png,1779246012955-799933_after.png,15.076733016569733,9.961558098090336,5,0,,,1779246012955,1779246013010,55,1779246013021
RUN-1779244566717,Set_1_orig_matte_0.glb,3,1779246013142-345557_before.png,1779246013142-345557_after.png,20.076733016569733,9.961558098090336,5,0,,,1779246013141,1779246013192,51,1779246013201
RUN-1779244566717,Set_1_orig_matte_0.glb,3,1779246013339-932449_before.png,1779246013339-932449_after.png,25.076733016569733,9.961558098090336,5,0,,,1779246013339,1779246013401,62,1779246013410
RUN-1779244566717,Set_1_orig_matte_0.glb,3,1779246013543-500471_before.png,1779246013543-500471_after.png,30.076733016569733,9.961558098090336,5,0,,,1779246013543,1779246013595,52,1779246013602
RUN-1779244566717,Set_1_orig_matte_0.glb,3,1779246013765-4121_before.png,1779246013765-4121_after.png,35.07673301656973,9.961558098090336,5,0,,,1779246013765,1779246013818,53,1779246013824
RUN-1779244566717,Set_1_orig_matte_0.glb,3,1779246014969-59292_before.png,1779246014969-59292_after.png,40.07673301656973,9.961558098090336,5,0,,,1779246014969,1779246015026,57,1779246015035
RUN-1779244566717,Set_1_orig_matte_0.glb,3,1779246015186-594103_before.png,1779246015186-594103_after.png,45.07673301656973,9.961558098090336,5,0,,,1779246015186,1779246015242,56,1779246015259
RUN-1779244566717,Set_1_orig_matte_0.glb,3,1779246015370-829554_before.png,1779246015370-829554_after.png,50.07673301656973,9.961558098090336,5,0,,,1779246015370,1779246015423,53,1779246015427
RUN-1779244566717,Set_1_orig_matte_0.glb,3,1779246015549-249110_before.png,1779246015549-249110_after.png,55.07673301656973,9.961558098090336,5,0,,,1779246015549,1779246015607,58,1779246015615
RUN-1779244566717,Set_1_orig_matte_0.glb,3,1779246015727-545719_before.png,1779246015727-545719_after.png,60.07673301656973,9.961558098090336,5,0,,,1779246015727,1779246015789,62,1779246015864
RUN-1779244566717,Set_1_orig_matte_0.glb,3,1779246015912-22429_before.png,1779246015912-22429_after.png,65.07673301656973,9.961558098090336,5,0,,,1779246015912,1779246015966,54,1779246015970
RUN-1779244566717,Set_1_orig_matte_0.glb,3,1779246016134-106660_before.png,1779246016134-106660_after.png,70.07673301656973,9.961558098090336,5,0,,,1779246016134,1779246016196,62,1779246016202
RUN-1779244566717,Set_1_orig_matte_0.glb,3,1779246016332-734479_before.png,1779246016332-734479_after.png,75.07673301656973,9.961558098090336,5,0,,,1779246016332,1779246016392,60,1779246016395
RUN-1779244566717,Set_1_orig_matte_0.glb,3,1779246016507-590812_before.png,1779246016507-590812_after.png,80.07673301656973,9.961558098090336,5,0,,,1779246016507,1779246016561,54,1779246016566
RUN-1779244566717,Set_1_orig_matte_0.glb,3,1779246016682-312995_before.png,1779246016682-312995_after.png,85.07673301656973,9.961558098090336,5,0,,,1779246016682,1779246016739,57,1779246016745
RUN-1779244566717,Set_1_orig_matte_0.glb,3,1779246016878-884400_before.png,1779246016878-884400_after.png,90.07673301656973,9.961558098090336,5,0,,,1779246016878,1779246016939,61,1779246016944
RUN-1779244566717,Set_1_orig_matte_0.glb,3,1779246017070-717365_before.png,1779246017070-717365_after.png,95.07673301656973,9.961558098090336,5,0,,,1779246017070,1779246017120,50,1779246017125
RUN-1779244566717,Set_1_orig_matte_0.glb,3,1779246017258-159381_before.png,1779246017258-159381_after.png,100.07673301656973,9.961558098090336,5,0,,,1779246017258,1779246017310,52,1779246017317
RUN-1779244566717,Set_1_orig_matte_0.glb,3,1779246017469-424990_before.png,1779246017469-424990_after.png,105.07673301656973,9.961558098090336,5,0,,,1779246017469,1779246017520,51,1779246017525
RUN-1779244566717,Set_1_orig_matte_0.glb,3,1779246017678-252081_before.png,1779246017678-252081_after.png,110.07673301656973,9.961558098090336,5,0,,,1779246017678,1779246017730,52,1779246017738
RUN-1779244566717,Set_1_orig_matte_0.glb,3,1779246017895-293643_before.png,1779246017895-293643_after.png,115.07673301656973,9.961558098090336,5,0,,,1779246017895,1779246017957,62,1779246017964
RUN-1779244566717,Set_1_orig_matte_0.glb,3,1779246018128-306970_before.png,1779246018128-306970_after.png,120.07673301656973,9.961558098090336,5,0,,,1779246018128,1779246018190,62,1779246018197
RUN-1779244566717,Set_1_orig_matte_0.glb,3,1779246018381-346050_before.png,1779246018381-346050_after.png,125.07673301656973,9.961558098090336,5,0,,,1779246018381,1779246018432,51,1779246018452
RUN-1779244566717,Set_1_orig_matte_0.glb,3,1779246018640-598527_before.png,1779246018640-598527_after.png,130.07673301656973,9.961558098090336,5,0,,,1779246018640,1779246018694,54,1779246018705
RUN-1779244566717,Set_1_orig_matte_0.glb,3,1779246018900-204161_before.png,1779246018900-204161_after.png,135.07673301656973,9.961558098090336,5,0,,,1779246018900,1779246018950,50,1779246018960
RUN-1779244566717,Set_1_orig_matte_0.glb,3,1779246019167-853701_before.png,1779246019167-853701_after.png,140.07673301656973,9.961558098090336,5,0,,,1779246019166,1779246019217,51,1779246019225
RUN-1779244566717,Set_1_orig_matte_0.glb,3,1779246019376-527825_before.png,1779246019376-527825_after.png,145.07673301656973,9.961558098090336,5,0,,,1779246019376,1779246019432,56,1779246019443
RUN-1779244566717,Set_1_orig_matte_0.glb,3,1779246019614-920845_before.png,1779246019614-920845_after.png,150.07673301656973,9.961558098090336,5,0,,,1779246019614,1779246019669,55,1779246019678
RUN-1779244566717,Set_1_orig_matte_0.glb,3,1779246019864-322058_before.png,1779246019864-322058_after.png,155.07673301656973,9.961558098090336,5,0,,,1779246019864,1779246019924,60,1779246019932
RUN-1779244566717,Set_1_orig_matte_0.glb,3,1779246020082-850449_before.png,1779246020082-850449_after.png,160.07673301656973,9.961558098090336,5,0,,,1779246020082,1779246020138,56,1779246020147
RUN-1779244566717,Set_1_orig_matte_0.glb,3,1779246020324-483481_before.png,1779246020324-483481_after.png,165.07673301656973,9.961558098090336,5,0,,,1779246020324,1779246020376,52,1779246020381
RUN-1779244566717,Set_1_orig_matte_0.glb,3,1779246020530-861448_before.png,1779246020530-861448_after.png,170.07673301656973,9.961558098090336,5,0,,,1779246020530,1779246020582,52,1779246020590
RUN-1779244566717,Set_1_orig_matte_0.glb,3,1779246020755-749663_before.png,1779246020755-749663_after.png,175.07673301656973,9.961558098090336,5,0,,,1779246020755,1779246020807,52,1779246020814
RUN-1779244566717,Set_1_orig_matte_0.glb,3,1779246021028-171374_before.png,1779246021028-171374_after.png,180.0767330165697,9.961558098090336,5,0,,,1779246021028,1779246021090,62,1779246021099
RUN-1779244566717,Set_1_orig_matte_0.glb,3,1779246021281-655217_before.png,1779246021281-655217_after.png,185.0767330165697,9.961558098090336,5,0,,,1779246021281,1779246021331,50,1779246021337
RUN-1779244566717,Set_1_orig_matte_0.glb,3,1779246021569-33458_before.png,1779246021569-33458_after.png,190.07673301656968,9.961558098090336,5,0,,,1779246021569,1779246021633,64,1779246021650
RUN-1779244566717,Set_1_orig_matte_0.glb,3,1779246021804-814851_before.png,1779246021804-814851_after.png,195.07673301656968,9.961558098090336,5,0,,,1779246021804,1779246021857,53,1779246021863
RUN-1779244566717,Set_1_orig_matte_0.glb,3,1779246022040-486382_before.png,1779246022040-486382_after.png,200.0767330165697,9.961558098090336,5,0,,,1779246022040,1779246022091,51,1779246022098
RUN-1779244566717,Set_1_orig_matte_0.glb,3,1779246022281-868510_before.png,1779246022281-868510_after.png,205.0767330165697,9.961558098090336,5,0,,,1779246022281,1779246022333,52,1779246022339
RUN-1779244566717,Set_1_orig_matte_0.glb,3,1779246022517-370395_before.png,1779246022517-370395_after.png,210.0767330165697,9.961558098090336,5,0,,,1779246022517,1779246022571,54,1779246022579
RUN-1779244566717,Set_1_orig_matte_0.glb,3,1779246022722-140467_before.png,1779246022722-140467_after.png,215.07673301656968,9.961558098090336,5,0,,,1779246022722,1779246022772,50,1779246022781
RUN-1779244566717,Set_1_orig_matte_0.glb,3,1779246022948-884403_before.png,1779246022948-884403_after.png,220.0767330165697,9.961558098090336,5,0,,,1779246022948,1779246023010,62,1779246023021
RUN-1779244566717,Set_1_orig_matte_0.glb,3,1779246023153-774027_before.png,1779246023153-774027_after.png,225.0767330165697,9.961558098090336,5,0,,,1779246023153,1779246023206,53,1779246023214
RUN-1779244566717,Set_1_orig_matte_0.glb,3,1779246023372-134529_before.png,1779246023372-134529_after.png,230.07673301656973,9.961558098090336,5,0,,,1779246023372,1779246023432,60,1779246023443
RUN-1779244566717,Set_1_orig_matte_0.glb,3,1779246023621-970237_before.png,1779246023621-970237_after.png,235.07673301656968,9.961558098090336,5,0,,,1779246023621,1779246023673,52,1779246023680
RUN-1779244566717,Set_1_orig_matte_0.glb,3,1779246023868-452409_before.png,1779246023868-452409_after.png,240.0767330165697,9.961558098090336,5,0,,,1779246023868,1779246023933,65,1779246023944
RUN-1779244566717,Set_1_orig_matte_0.glb,3,1779246024115-863404_before.png,1779246024115-863404_after.png,245.0767330165697,9.961558098090336,5,0,,,1779246024115,1779246024170,55,1779246024180
RUN-1779244566717,Set_1_orig_matte_0.glb,3,1779246024365-452720_before.png,1779246024365-452720_after.png,250.07673301656968,9.961558098090336,5,0,,,1779246024365,1779246024420,55,1779246024429
RUN-1779244566717,Set_1_orig_matte_0.glb,3,1779246024577-124041_before.png,1779246024577-124041_after.png,255.0767330165697,9.961558098090336,5,0,,,1779246024577,1779246024633,56,1779246024645
RUN-1779244566717,Set_1_orig_matte_0.glb,3,1779246024831-980274_before.png,1779246024831-980274_after.png,260.07673301656973,9.961558098090336,5,0,,,1779246024831,1779246024893,62,1779246024900
RUN-1779244566717,Set_1_orig_matte_0.glb,3,1779246025158-358752_before.png,1779246025158-358752_after.png,265.07673301656973,9.961558098090336,5,0,,,1779246025158,1779246025213,55,1779246025242
RUN-1779244566717,Set_1_orig_matte_0.glb,3,1779246025415-631347_before.png,1779246025415-631347_after.png,270.07673301656973,9.961558098090336,5,0,,,1779246025415,1779246025475,60,1779246025484
RUN-1779244566717,Set_1_orig_matte_0.glb,3,1779246025672-213478_before.png,1779246025672-213478_after.png,275.0767330165697,9.961558098090336,5,0,,,1779246025672,1779246025725,53,1779246025739
RUN-1779244566717,Set_1_orig_matte_0.glb,3,1779246025949-665447_before.png,1779246025949-665447_after.png,280.07673301656973,9.961558098090336,5,0,,,1779246025949,1779246026008,59,1779246026014
RUN-1779244566717,Set_1_orig_matte_0.glb,3,1779246026740-207070_before.png,1779246026740-207070_after.png,285.07673301656973,9.961558098090336,5,0,,,1779246026740,1779246026793,53,1779246026801
RUN-1779244566717,Set_1_orig_matte_0.glb,3,1779246026943-47186_before.png,1779246026943-47186_after.png,290.07673301656973,9.961558098090336,5,0,,,1779246026943,1779246026994,51,1779246027005
RUN-1779244566717,Set_1_orig_matte_0.glb,3,1779246027134-189385_before.png,1779246027134-189385_after.png,295.07673301656973,9.961558098090336,5,0,,,1779246027134,1779246027188,54,1779246027194
RUN-1779244566717,Set_1_orig_matte_0.glb,3,1779246027350-902586_before.png,1779246027350-902586_after.png,300.07673301656973,9.961558098090336,5,0,,,1779246027350,1779246027405,55,1779246027416
RUN-1779244566717,Set_1_orig_matte_0.glb,3,1779246027581-734139_before.png,1779246027581-734139_after.png,305.07673301656973,9.961558098090336,5,0,,,1779246027581,1779246027633,52,1779246027641
RUN-1779244566717,Set_1_orig_matte_0.glb,3,1779246027812-249528_before.png,1779246027812-249528_after.png,310.0767330165697,9.961558098090336,5,0,,,1779246027812,1779246027866,54,1779246027872
RUN-1779244566717,Set_1_orig_matte_0.glb,3,1779246028063-527869_before.png,1779246028063-527869_after.png,315.0767330165697,9.961558098090336,5,0,,,1779246028063,1779246028126,63,1779246028145
RUN-1779244566717,Set_1_orig_matte_0.glb,3,1779246028290-924302_before.png,1779246028290-924302_after.png,320.07673301656973,9.961558098090336,5,0,,,1779246028290,1779246028342,52,1779246028348
RUN-1779244566717,Set_1_orig_matte_0.glb,3,1779246028526-238980_before.png,1779246028526-238980_after.png,325.07673301656973,9.961558098090336,5,0,,,1779246028526,1779246028583,57,1779246028590
RUN-1779244566717,Set_1_orig_matte_0.glb,3,1779246028796-522323_before.png,1779246028796-522323_after.png,330.0767330165697,9.961558098090336,5,0,,,1779246028796,1779246028850,54,1779246028866
RUN-1779244566717,Set_1_orig_matte_0.glb,3,1779246029025-385709_before.png,1779246029025-385709_after.png,335.07673301656973,9.961558098090336,5,0,,,1779246029025,1779246029077,52,1779246029085
RUN-1779244566717,Set_1_orig_matte_0.glb,3,1779246029249-102952_before.png,1779246029249-102952_after.png,340.07673301656973,9.961558098090336,5,0,,,1779246029249,1779246029302,53,1779246029308
RUN-1779244566717,Set_1_orig_matte_0.glb,3,1779246029472-644503_before.png,1779246029472-644503_after.png,345.0767330165697,9.961558098090336,5,0,,,1779246029472,1779246029526,54,1779246029534
RUN-1779244566717,Set_1_orig_matte_0.glb,3,1779246029690-557328_before.png,1779246029690-557328_after.png,350.0767330165697,9.961558098090336,5,0,,,1779246029690,1779246029744,54,1779246029754
RUN-1779244566717,Set_1_orig_matte_0.glb,3,1779246029922-597141_before.png,1779246029922-597141_after.png,355.0767330165697,9.961558098090336,5,0,,,1779246029921,1779246029977,56,1779246029987
RUN-1779244566717,Set_1_orig_matte_0.glb,3,1779246030182-394471_before.png,1779246030182-394471_after.png,0.07673301656967624,9.961558098090336,5,0,,,1779246030182,1779246030236,54,1779246030244
RUN-1779244566717,Set_1_orig_matte_0.glb,3,1779246030591-606666_before.png,1779246030591-606666_after.png,5.076733016569733,9.961558098090336,5,0,,,1779246030591,1779246030644,53,1779246030656
RUN-1779244566717,Set_1_orig_matte_0.glb,3,1779246030866-285345_before.png,1779246030866-285345_after.png,10.076733016569733,9.961558098090336,5,0,,,1779246030866,1779246030918,52,1779246030924
RUN-1779244566717,Set_1_orig_matte_0.glb,3,1779246031158-182717_before.png,1779246031158-182717_after.png,15.076733016569676,9.961558098090336,5,0,,,1779246031158,1779246031210,52,1779246031227
RUN-1779244566717,Set_1_orig_matte_0.glb,3,1779246031428-476011_before.png,1779246031428-476011_after.png,20.076733016569733,9.961558098090336,5,0,,,1779246031428,1779246031481,53,1779246031488
RUN-1779244566717,Set_1_orig_matte_0.glb,3,1779246031690-921101_before.png,1779246031690-921101_after.png,25.076733016569733,9.961558098090336,5,0,,,1779246031690,1779246031744,54,1779246031754
RUN-1779244566717,Set_1_orig_matte_0.glb,3,1779246031943-6874_before.png,1779246031943-6874_after.png,30.076733016569733,9.961558098090336,5,0,,,1779246031943,1779246031999,56,1779246032010
RUN-1779244566717,Set_1_orig_matte_0.glb,3,1779246032201-36122_before.png,1779246032201-36122_after.png,35.07673301656973,9.961558098090336,5,0,,,1779246032201,1779246032266,65,1779246032273
RUN-1779244566717,Set_1_orig_matte_0.glb,3,1779246032448-429230_before.png,1779246032448-429230_after.png,40.07673301656973,9.961558098090336,5,0,,,1779246032448,1779246032502,54,1779246032513
RUN-1779244566717,Set_1_orig_matte_0.glb,3,1779246032741-132770_before.png,1779246032741-132770_after.png,45.07673301656973,9.961558098090336,5,0,,,1779246032741,1779246032799,58,1779246032811
RUN-1779244566717,Set_1_elong_glossy_3.glb,-1,,,,,,,229.87925979145703,327.20224866894284,,,,1779246064559
